ID,TERRITORY1,ISO_TER1,SOVEREIGN1,ISO_SOV1,centroid_X_moll,centroid_Y_moll,coast_length_km_azim,mean_PAR,mean_tide,mean_sst,mean_T2m,mean_Tp,mang_presence,salt_presence,seag_presence,mang_area_ha,salt_area_ha,seag_area_ha,mang_loss_rate,seag_change_rate,mang_fish_dens,mang_invert_dens,mang_spec_prop,mang_spec_score,salt_spec_prop,salt_spec_score,seag_spec_prop,seag_spec_score,mang_frag_area_mn_rate,mang_frag_area_mn,mang_mean_age,mang_mean_agb_mg_ha,mang_mean_SOC,mang_mean_height_m,pressure_seagrass_climate_current,pressure_seagrass_land_current,pressure_seagrass_marine_current,pressure_seagrass_climate_rate,pressure_seagrass_land_rate,pressure_seagrass_marine_rate,pressure_mangrove_climate_current,pressure_mangrove_land_current,pressure_mangrove_marine_current,pressure_mangrove_climate_rate,pressure_mangrove_land_rate,pressure_mangrove_marine_rate,pressure_saltmarsh_climate_current,pressure_saltmarsh_land_current,pressure_saltmarsh_marine_current,pressure_saltmarsh_climate_rate,pressure_saltmarsh_land_rate,pressure_saltmarsh_marine_rate
52032,Denmark,DNK,Denmark,DNK,820281.982,6336008.22,376949.5657,25.72805786,18.9349373,10.21345468,283.642792,0.002136505,0,1,1,0.0,1227.932185,18072.5609408845,nan,nan,nan,nan,nan,nan,0.0344827586206897,0.937931034482759,0.087719298245614,0.940350877192982,nan,nan,nan,nan,nan,nan,1.05633923954564,1.43693701445763,0.0647024811231738,0.0077345925437294,-0.0016043387551659,-0.209464772477122,nan,nan,nan,nan,nan,nan,0.957373146499906,1.3219926910741,0.102718793387924,0.0163873777648977,0.0001710796563623,-0.167375070690852
52389,Denmark,DNK,Denmark,DNK,596785.4059,6436429.21,375355.8879,23.77183215,186.765714,11.09020332,283.1855763,0.003140735,0,1,1,0.0,7679.788211,737.833658898749,nan,nan,nan,nan,nan,nan,0.032258064516129,0.941935483870968,0.0983606557377049,0.93,nan,nan,nan,nan,nan,nan,0.952023886144161,2.5327475219965,0.28416395559907,-0.0108587072622528,-4.67485518407248e-05,0.0475535223885544,nan,nan,nan,nan,nan,nan,0.933195255019448,1.87199370608185,0.249785036525943,0.0035825508631897,0.0028224258905816,0.0062573783014531
52390,Denmark,DNK,Denmark,DNK,666995.4536,6436429.21,375856.1627,23.41018594,42.06143055,10.74756226,282.7075365,0.002607594,0,1,1,0.0,1692.30306,10084.0633646571,nan,0.0434270571027815,nan,nan,nan,nan,0.037037037037037,0.933333333333333,0.0754716981132075,0.947169811320755,nan,nan,nan,nan,nan,nan,1.12871237892971,1.85617978717679,0.117935960059202,0.004068651140912,-0.0014694938197003,-0.147897937604824,nan,nan,nan,nan,nan,nan,1.11925350502133,1.54179622977972,0.100171641912311,0.008847367014511,-0.0004874211947376,-0.142821852614685
52391,Denmark,DNK,Denmark,DNK,737205.5014,6436429.21,377166.9032,24.45967011,46.94301171,10.40492119,283.1765021,0.002345053,0,1,1,0.0,1329.341619,17462.9767393686,nan,-0.0028571769903705,nan,nan,nan,nan,0.0357142857142857,0.935714285714286,0.0892857142857143,0.939285714285714,nan,nan,nan,nan,nan,nan,1.09111980928315,1.38860530571805,0.0785105544932638,0.0027125345442114,-0.001601638399749,-0.0408212294248685,nan,nan,nan,nan,nan,nan,1.00532807322109,1.45050766713479,0.0394689534955165,0.0192263561588242,0.0018755888872014,-0.0844516857686029
52392,Denmark,DNK,Denmark,DNK,807415.5491,6436429.21,1284.355092,24.82102237,34.14376561,10.40492119,283.1680075,0.002223287,0,1,1,0.0,1868.394169,22818.4075545796,nan,nan,nan,nan,nan,nan,0.0357142857142857,0.942857142857143,0.0754716981132075,0.943396226415094,nan,nan,nan,nan,nan,nan,1.04084161567688,1.75982425701618,0.0822407031022012,0.0110246053257205,-0.0002862116001551,-0.109422606439511,nan,nan,nan,nan,nan,nan,1.01566620383944,1.49067222504389,0.128149914422206,0.0148950624713545,0.0009524211267492,-0.125310550039004
52393,Denmark,DNK,Denmark,DNK,877625.5969,6436429.21,376616.8441,25.31232399,15.85378444,10.21345468,283.1466689,0.002154791,0,1,1,0.0,1613.252606,10457.1665069504,nan,0.0338638965959074,nan,nan,nan,nan,0.032258064516129,0.941935483870968,0.0576923076923077,0.961538461538462,nan,nan,nan,nan,nan,nan,0.950174821480628,2.15524563866277,0.157654159760803,0.0032110823537674,-0.0014708933687452,0.0160449151444789,nan,nan,nan,nan,nan,nan,0.991069003939629,1.46301544457674,0.0490071294843801,0.0164873711808824,-0.0003396360299605,-0.149403868896317
52395,Sweden,SWE,Sweden,SWE,1018045.692,6436429.21,375334.7133,25.74872744,9.379920271,9.910541783,282.8897747,0.002005299,0,1,0,0.0,17.90643502,0.0,nan,nan,nan,nan,nan,nan,0.037037037037037,0.933333333333333,nan,nan,nan,nan,nan,nan,nan,nan,nan,nan,nan,nan,nan,nan,nan,nan,nan,nan,nan,nan,nan,nan,nan,nan,nan,nan
52749,Denmark,DNK,Denmark,DNK,587060.3313,6535922.188,376098.8443,22.95026542,80.74328834,10.95754401,282.8412761,0.0031896,0,1,1,0.0,5939.791783,9403.24179885191,nan,-0.0764427158581739,nan,nan,nan,nan,0.0333333333333333,0.94,0.0819672131147541,0.936666666666667,nan,nan,nan,nan,nan,nan,0.954538396192253,2.58161049589105,0.231938904817771,-0.0067969465941498,4.08482433849025e-06,-0.0402402559632308,nan,nan,nan,nan,nan,nan,0.995350212267,1.99766352609412,0.324500002273142,-0.0138047726097892,0.0061187416141091,0.0433960957277017
52750,Denmark,DNK,Denmark,DNK,656126.2526,6535922.188,376077.6424,23.00306973,54.47049261,10.69218127,282.40142,0.002671627,0,1,1,0.0,1244.141618,3224.67765657591,nan,nan,nan,nan,nan,nan,0.037037037037037,0.933333333333333,0.0740740740740741,0.948148148148148,nan,nan,nan,nan,nan,nan,1.02322906050189,2.06055461332716,0.0475597923685764,-0.0016784112987806,0.0006839678917449,-0.1651055130982,nan,nan,nan,nan,nan,nan,1.00122644684531,0.534732108766382,0.247645674781366,-0.0043515061314316,0.0044063693569867,0.0666444890059288
52751,Denmark,DNK,Denmark,DNK,725192.1739,6535922.188,376081.7391,23.85909461,58.43792023,10.42681854,282.9245486,0.002392719,0,1,1,0.0,1588.921974,3021.66905676767,nan,nan,nan,nan,nan,nan,0.037037037037037,0.933333333333333,0.0909090909090909,0.937037037037037,nan,nan,nan,nan,nan,nan,1.02908687790235,1.76189779076311,0.0636022022614876,0.0010650101378353,-0.0005475718552992,-0.139956137644034,nan,nan,nan,nan,nan,nan,1.09380334265092,1.72379194287693,0.0892492642297464,0.0173606036627923,0.0031545121080769,-0.115950275021087
52753,Sweden,SWE,Sweden,SWE,863324.0166,6535922.188,376557.2119,25.12257191,30.17309438,10.21001345,282.8379596,0.002868335,0,1,1,0.0,1.621402141,304.325632079074,nan,nan,nan,nan,nan,nan,0.037037037037037,0.940740740740741,0.06,0.96,nan,nan,nan,nan,nan,nan,1.25126588344574,2.44344361623128,0.230189524590969,0.0134275794720603,-0.0026975480118226,0.0587466727894962,nan,nan,nan,nan,nan,nan,nan,nan,nan,nan,nan,nan
52755,Sweden,SWE,Sweden,SWE,1001455.859,6535922.188,375399.3351,22.44006307,9.895198799,9.993208359,281.8051952,0.00225763,0,1,0,0.0,56.94097355,0.0,nan,nan,nan,nan,nan,nan,0.037037037037037,0.933333333333333,nan,nan,nan,nan,nan,nan,nan,nan,nan,nan,nan,nan,nan,nan,nan,nan,nan,nan,nan,nan,0.854265123605728,1.2346271276474,0.0092295547947287,0.0035152640949284,0.0041994252260902,0.197010197856522
52756,Sweden,SWE,Sweden,SWE,1070521.781,6535922.188,375590.8555,24.46096967,8.870760047,9.823762054,281.8617948,0.001976886,0,1,0,0.0,351.9588554,0.0,nan,nan,nan,nan,nan,nan,0.04,0.928,nan,nan,nan,nan,nan,nan,nan,nan,nan,nan,nan,nan,nan,nan,nan,nan,nan,nan,nan,nan,0.807750552892685,0.825936675071716,0.190246403217316,-0.0034728231909324,-0.0068949621396275,0.0901564512503617
52757,Sweden,SWE,Sweden,SWE,1139587.702,6535922.188,375988.7922,25.09572465,7.828250045,9.65431575,282.4386365,0.001735094,0,1,0,0.0,566.7993538,0.0,nan,nan,nan,nan,nan,nan,0.04,0.928,nan,nan,nan,nan,nan,nan,nan,nan,nan,nan,nan,nan,nan,nan,nan,nan,nan,nan,nan,nan,0.931305214762688,1.25947850942612,0.0917716072872281,0.0096542094047921,-0.0066337744129417,0.16684337297575
53109,Denmark,DNK,Denmark,DNK,577116.0951,6634462.417,750.7648359,23.79855809,42.71420615,10.82488469,282.9266485,0.003546056,0,1,1,0.0,30.84685978,104.707622587575,nan,nan,nan,nan,nan,nan,0.0357142857142857,0.935714285714286,0.0793650793650794,0.945161290322581,nan,nan,nan,nan,nan,nan,1.07109463214874,1.40295243263245,0.0410358794033527,0.0020949598452712,0.0045872605897915,-0.157498869003807,nan,nan,nan,nan,nan,nan,nan,nan,nan,nan,nan,nan
53110,Denmark,DNK,Denmark,DNK,645012.1062,6634462.417,376828.2781,23.74066385,49.52847112,10.63680029,282.7731839,0.003284294,0,1,1,0.0,3629.362317,2900.9003443746,nan,0.038757559547161,nan,nan,nan,nan,0.0357142857142857,0.935714285714286,0.0819672131147541,0.943333333333333,nan,nan,nan,nan,nan,nan,1.16044890179354,0.716431729933795,0.0259442795068026,0.0109823781380098,0.0151659019508502,-0.182164887353376,nan,nan,nan,nan,nan,nan,1.02823786619233,0.53354196286783,0.242857560151961,-0.003124704853698,0.0025364568760126,0.0633665634472957
53111,Denmark,DNK,Denmark,DNK,712908.1174,6634462.417,376096.5229,23.91347922,52.30758802,10.44871589,282.8270806,0.002796823,0,1,1,0.0,1516.919444,1817.78071589665,nan,nan,nan,nan,nan,nan,0.0357142857142857,0.935714285714286,0.087719298245614,0.939285714285714,nan,nan,nan,nan,nan,nan,1.15706435839335,0.74218468722843,0.0251773191349847,0.0108461702645528,0.0153503680150519,-0.183403963833999,nan,nan,nan,nan,nan,nan,1.11759395826431,0.955642041705903,0.0935102232864925,0.0068597084680194,0.0050036206873939,-0.0563436857525728
53112,Sweden,SWE,Sweden,SWE,780804.1286,6634462.417,375961.2202,24.2385988,34.82910858,10.44871589,282.8833609,0.002879842,0,1,1,0.0,606.9272363,2170.01470390442,nan,-0.0386780376443401,nan,nan,nan,nan,0.0384615384615385,0.938461538461538,0.0714285714285714,0.945454545454545,nan,nan,nan,nan,nan,nan,1.22256188922458,1.28999895685249,0.227728293587764,0.0271435872976811,-0.002860708906337,-0.0115682817631995,nan,nan,nan,nan,nan,nan,1.15839100877444,0.770485391219457,0.16481266108652,0.0172269561150897,0.0023921228460514,-0.0195349950629142
53113,Sweden,SWE,Sweden,SWE,848700.1398,6634462.417,375392.8752,24.00228412,21.44715676,10.20657221,281.6808662,0.003055377,0,1,0,0.0,126.354409,0.0,nan,nan,nan,nan,nan,nan,0.0416666666666667,0.933333333333333,nan,nan,nan,nan,nan,nan,nan,nan,nan,nan,nan,nan,nan,nan,nan,nan,nan,nan,nan,nan,0.984809637069702,1.75742000341415,0.757605243474245,0.00565944320149,0.0012337717925361,0.0247558712049112
53117,Sweden,SWE,Sweden,SWE,1120284.185,6634462.417,376743.7886,24.28238106,9.134930019,9.509536107,281.8597266,0.001725655,0,1,0,0.0,440.021922,0.0,nan,nan,nan,nan,nan,nan,0.0384615384615385,0.930769230769231,nan,nan,nan,nan,nan,nan,nan,nan,nan,nan,nan,nan,nan,nan,nan,nan,nan,nan,nan,nan,0.895261818170548,0.641324278712273,0.0146817971486598,0.0068900178432733,-0.0140797553616486,0.0088466665975872
53119,Sweden,SWE,Sweden,SWE,1256076.207,6634462.417,671.2308101,24.79643226,6.146453316,9.437067469,282.2581943,0.001790634,0,1,0,0.0,13.83508566,0.0,nan,nan,nan,nan,nan,nan,0.0434782608695652,0.930434782608696,nan,nan,nan,nan,nan,nan,nan,nan,nan,nan,nan,nan,nan,nan,nan,nan,nan,nan,nan,nan,nan,nan,nan,nan,nan,nan
53472,Sweden,SWE,Sweden,SWE,767047.7009,6732024.338,376394.3558,23.33796183,49.39659282,10.44871589,281.9482104,0.003187066,0,1,1,0.0,68.91196139,1766.17799966203,nan,-0.0260401936083704,nan,nan,nan,nan,0.0454545454545455,0.927272727272727,0.0727272727272727,0.944444444444444,nan,nan,nan,nan,nan,nan,0.907177165150642,1.30171076953411,0.453541487455368,0.0375042031506199,-0.00554426990715,-0.0072068522506261,nan,nan,nan,nan,nan,nan,1.00312948226929,0.54019033908844,0.212357401847839,-0.0016175103808118,-0.0051398613963809,-0.0305315170310647
53477,Sweden,SWE,Sweden,SWE,1100546.701,6732024.338,376390.1369,22.39430577,9.990797313,8.846554647,281.3720067,0.001747018,0,1,0,0.0,987.2567418,0.0,nan,nan,nan,nan,nan,nan,0.0434782608695652,0.921739130434783,nan,nan,nan,nan,nan,nan,nan,nan,nan,nan,nan,nan,nan,nan,nan,nan,nan,nan,nan,nan,0.979915295328413,1.32234258311135,0.0637978145345447,0.0248860415254424,-0.0092783046087437,0.0538145537308378
53478,Sweden,SWE,Sweden,SWE,1167246.501,6732024.338,376195.4668,24.55219688,9.218780688,8.846554647,281.5363413,0.001781409,0,1,0,0.0,716.2200276,0.0,nan,nan,nan,nan,nan,nan,0.0454545454545455,0.918181818181818,nan,nan,nan,nan,nan,nan,nan,nan,nan,nan,nan,nan,nan,nan,nan,nan,nan,nan,nan,nan,0.943894724051158,1.22976670165857,0.0766096041673639,0.0145465549838891,-0.0109908414182752,0.0391377932345969
53479,Sweden,SWE,Sweden,SWE,1233946.301,6732024.338,375565.017,25.1794067,8.042357046,9.019236041,281.7654022,0.001836284,0,1,0,0.0,41.66764872,0.0,nan,nan,nan,nan,nan,nan,0.0476190476190476,0.914285714285714,nan,nan,nan,nan,nan,nan,nan,nan,nan,nan,nan,nan,nan,nan,nan,nan,nan,nan,nan,nan,1.13842487335205,0.918685257434845,0.0120606571435928,0.0077556690656571,0.0013639160220586,-0.0935987135303857
53483,Estonia,EST,Estonia,EST,1500745.502,6732024.338,835.4983351,25.02220734,10.96461059,8.604110158,281.6950219,0.002098477,0,1,0,0.0,360.4011456,0.0,nan,nan,nan,nan,nan,nan,0.0416666666666667,0.933333333333333,nan,nan,nan,nan,nan,nan,nan,nan,nan,nan,nan,nan,nan,nan,nan,nan,nan,nan,nan,nan,0.963218490282694,0.530585835377375,0.0068659538713594,0.0318510111192069,-0.0002582053223019,-0.101148865620384
53838,Sweden,SWE,Sweden,SWE,1145842.718,6828581.487,375331.5655,22.48621202,9.084973425,8.183573186,280.62138,0.002000514,0,1,0,0.0,178.5199514,0.0,nan,nan,nan,nan,nan,nan,0.0434782608695652,0.921739130434783,nan,nan,nan,nan,nan,nan,nan,nan,nan,nan,nan,nan,nan,nan,nan,nan,nan,nan,nan,nan,nan,nan,nan,nan,nan,nan
53839,Sweden,SWE,Sweden,SWE,1211319.445,6828581.487,377383.2672,23.31055062,8.576510615,8.183573186,280.782664,0.00200177,0,1,0,0.0,249.3108219,0.0,nan,nan,nan,nan,nan,nan,0.0434782608695652,0.921739130434783,nan,nan,nan,nan,nan,nan,nan,nan,nan,nan,nan,nan,nan,nan,nan,nan,nan,nan,nan,nan,1.17167933781942,0.717685202757517,0.126152992558976,0.0214679093609206,-0.0136202131723917,0.0493271545494593
53840,Sweden,SWE,Sweden,SWE,1276796.171,6828581.487,376300.7095,25.32944149,6.335771136,8.254966125,281.0114535,0.002005311,0,1,0,0.0,22.60161678,0.0,nan,nan,nan,nan,nan,nan,0.0476190476190476,0.914285714285714,nan,nan,nan,nan,nan,nan,nan,nan,nan,nan,nan,nan,nan,nan,nan,nan,nan,nan,nan,nan,1.1260689496994,0.69448322057724,0.0119636664167047,0.0261652873215032,-0.019714865813237,-0.0890543076151404
53844,Estonia,EST,Estonia,EST,1538703.078,6828581.487,376288.3765,24.52251359,14.10299199,8.406100372,280.8506187,0.002394643,0,1,0,0.0,296.6311062,0.0,nan,nan,nan,nan,nan,nan,0.0357142857142857,0.935714285714286,nan,nan,nan,nan,nan,nan,nan,nan,nan,nan,nan,nan,nan,nan,nan,nan,nan,nan,nan,nan,1.222279047966,1.06263706684113,0.127141427993774,0.0264426572649009,0.0049361384480748,0.0273797587792723
54198,Sweden,SWE,Sweden,SWE,1123958.167,6924106.412,375529.5912,23.59774942,6.250016262,8.183573186,279.9412097,0.002066733,0,1,0,0.0,267.687141,0.0,nan,nan,nan,nan,nan,nan,0.0416666666666667,0.925,nan,nan,nan,nan,nan,nan,nan,nan,nan,nan,nan,nan,nan,nan,nan,nan,nan,nan,nan,nan,nan,nan,nan,nan,nan,nan
54199,Sweden,SWE,Sweden,SWE,1188184.348,6924106.412,376005.7177,25.1052014,5.039642431,8.183573186,280.2273372,0.002007694,0,1,0,0.0,167.478985,0.0,nan,nan,nan,nan,nan,nan,0.0434782608695652,0.921739130434783,nan,nan,nan,nan,nan,nan,nan,nan,nan,nan,nan,nan,nan,nan,nan,nan,nan,nan,nan,nan,1.37901473045349,0.405633851885796,0.0134039850672707,0.0284568354652788,-0.0177689630637627,0.0703245675728829
54200,Finland,FIN,Finland,FIN,1252410.529,6924106.412,479.8076199,25.24553454,3.799520731,8.254966125,280.4019314,0.001993584,0,1,0,0.0,54.59234806,0.0,nan,nan,nan,nan,nan,nan,0.0434782608695652,0.939130434782609,nan,nan,nan,nan,nan,nan,nan,nan,nan,nan,nan,nan,nan,nan,nan,nan,nan,nan,nan,nan,nan,nan,nan,nan,nan,nan
54201,Finland,FIN,Finland,FIN,1316636.71,6924106.412,2401.813807,24.34937998,5.793191271,8.326359063,280.3698458,0.002150514,0,1,0,0.0,27.28416073,0.0,nan,nan,nan,nan,nan,nan,0.0434782608695652,0.939130434782609,nan,nan,nan,nan,nan,nan,nan,nan,nan,nan,nan,nan,nan,nan,nan,nan,nan,nan,nan,nan,nan,nan,nan,nan,nan,nan
54202,Finland,FIN,Finland,FIN,1380862.891,6924106.412,378909.8623,22.47212038,12.12106339,8.326359063,280.2562536,0.002217113,0,1,0,0.0,1886.951869,0.0,nan,nan,nan,nan,nan,nan,0.0357142857142857,0.935714285714286,nan,nan,nan,nan,nan,nan,nan,nan,nan,nan,nan,nan,nan,nan,nan,nan,nan,nan,nan,nan,1.49666037824419,1.50619905524784,0.363282946869731,0.0616900402716402,-8.6535711896314e-05,0.0693024808533595
54203,Finland,FIN,Finland,FIN,1445089.072,6924106.412,376174.9208,21.64070256,18.5824693,8.366229718,279.8071402,0.00216952,0,1,0,0.0,1157.82532,0.0,nan,nan,nan,nan,nan,nan,0.0357142857142857,0.935714285714286,nan,nan,nan,nan,nan,nan,nan,nan,nan,nan,nan,nan,nan,nan,nan,nan,nan,nan,nan,nan,1.12985617773873,1.57695996761322,0.216666547847646,0.0373747681269274,-0.0041429690054004,0.0591473348386825
54204,Finland,FIN,Finland,FIN,1509315.253,6924106.412,375356.5915,20.87275183,17.77991615,8.406100372,279.4096619,0.002159073,0,1,0,0.0,429.5128593,0.0,nan,nan,nan,nan,nan,nan,0.0357142857142857,0.935714285714286,nan,nan,nan,nan,nan,nan,nan,nan,nan,nan,nan,nan,nan,nan,nan,nan,nan,nan,nan,nan,0.9947296778361,1.82158140341441,0.0579834058880806,0.0362736161614698,0.0012930236438534,-0.0221281767768616
54205,Finland,FIN,Finland,FIN,1573541.433,6924106.412,375692.6311,21.48746063,20.69775021,8.406100372,279.2620516,0.002096708,0,1,0,0.0,460.0676264,0.0,nan,nan,nan,nan,nan,nan,0.0357142857142857,0.935714285714286,nan,nan,nan,nan,nan,nan,nan,nan,nan,nan,nan,nan,nan,nan,nan,nan,nan,nan,nan,nan,1.53887504339218,1.33330239852269,0.502564035356045,0.0294899630290172,0.0009971344880993,0.0369774231948897
54206,Finland,FIN,Finland,FIN,1637767.614,6924106.412,375853.6057,24.09879778,24.34987426,8.21295659,279.5168346,0.0020866,0,1,0,0.0,1932.46786,0.0,nan,nan,nan,nan,nan,nan,0.0384615384615385,0.930769230769231,nan,nan,nan,nan,nan,nan,nan,nan,nan,nan,nan,nan,nan,nan,nan,nan,nan,nan,nan,nan,1.54728062256523,1.33705158855604,0.245064220026783,0.0303268421898863,0.0140424135638802,0.0275529197777658
54207,Finland,FIN,Finland,FIN,1701993.795,6924106.412,375807.7797,24.32908,28.30431624,8.21295659,279.4322217,0.00219615,0,1,0,0.0,1474.987096,0.0,nan,nan,nan,nan,nan,nan,0.037037037037037,0.933333333333333,nan,nan,nan,nan,nan,nan,nan,nan,nan,nan,nan,nan,nan,nan,nan,nan,nan,nan,nan,nan,1.69117175130283,1.5575053060756,0.258556947166867,0.0482120001159851,0.018041967212887,0.0802785023224803
54208,Finland,FIN,Finland,FIN,1766219.976,6924106.412,375899.5908,25.55434701,30.3317562,8.019812807,279.31027,0.002230156,0,1,0,0.0,682.8858345,0.0,nan,nan,nan,nan,nan,nan,0.0344827586206897,0.937931034482759,nan,nan,nan,nan,nan,nan,nan,nan,nan,nan,nan,nan,nan,nan,nan,nan,nan,nan,nan,nan,1.91426173278264,1.02552981887545,0.362397056605135,0.0587674735799732,0.0125354388736231,0.0270553449571149
54558,Sweden,SWE,Sweden,SWE,1101581.213,7018570.575,375741.4695,23.855991,5.524871208,7.782301898,279.3400714,0.002012578,0,1,0,0.0,90.30383745,0.0,nan,nan,nan,nan,nan,nan,0.0588235294117647,0.905882352941176,nan,nan,nan,nan,nan,nan,nan,nan,nan,nan,nan,nan,nan,nan,nan,nan,nan,nan,nan,nan,1.28721602757772,0.727882305781047,0.329378713543216,0.0147287658637165,-0.0005000535369462,0.0411182891773118
54562,Finland,FIN,Finland,FIN,1353371.205,7018570.575,376124.4852,24.93334838,6.119571546,7.611339654,279.4737663,0.002157023,0,1,0,0.0,1379.706414,0.0,nan,nan,nan,nan,nan,nan,0.0384615384615385,0.930769230769231,nan,nan,nan,nan,nan,nan,nan,nan,nan,nan,nan,nan,nan,nan,nan,nan,nan,nan,nan,nan,1.11879871441768,2.9329923253793,0.645621074220309,0.0396538003341421,0.0004916470810438,0.0290046770224248
54918,Sweden,SWE,Sweden,SWE,1078699.154,7111944.237,375419.0087,22.84002624,4.757127881,7.381030609,278.012259,0.002087721,0,1,0,0.0,16.87908635,0.0,nan,nan,nan,nan,nan,nan,0.0555555555555556,0.911111111111111,nan,nan,nan,nan,nan,nan,nan,nan,nan,nan,nan,nan,nan,nan,nan,nan,nan,nan,nan,nan,nan,nan,nan,nan,nan,nan
54919,Sweden,SWE,Sweden,SWE,1140339.105,7111944.237,375395.7385,24.93041121,4.358401028,7.381030609,278.9096058,0.002017977,0,1,0,0.0,3.815892553,0.0,nan,nan,nan,nan,nan,nan,0.0666666666666667,0.893333333333333,nan,nan,nan,nan,nan,nan,nan,nan,nan,nan,nan,nan,nan,nan,nan,nan,nan,nan,nan,nan,nan,nan,nan,nan,nan,nan
54922,Finland,FIN,Finland,FIN,1325258.96,7111944.237,375828.8554,26.20987085,6.660245685,6.896320244,278.559987,0.001970213,0,1,0,0.0,826.1188217,0.0,nan,nan,nan,nan,nan,nan,0.04,0.928,nan,nan,nan,nan,nan,nan,nan,nan,nan,nan,nan,nan,nan,nan,nan,nan,nan,nan,nan,nan,1.36327754126655,1.08925823370616,0.185590172393454,0.0382598716321584,0.0143551014618933,0.0305036693868772
55279,Sweden,SWE,Sweden,SWE,1115600.828,7204196.336,375411.2736,23.62479246,4.376175692,7.381030609,276.5455718,0.002058936,0,1,0,0.0,20.27483009,0.0,nan,nan,nan,nan,nan,nan,0.0555555555555556,0.911111111111111,nan,nan,nan,nan,nan,nan,nan,nan,nan,nan,nan,nan,nan,nan,nan,nan,nan,nan,nan,nan,nan,nan,nan,nan,nan,nan
55280,Sweden,SWE,Sweden,SWE,1175903.575,7204196.336,375490.1255,25.58054989,4.302548092,7.381030609,277.0349895,0.00198666,0,1,0,0.0,115.3594663,0.0,nan,nan,nan,nan,nan,nan,0.0526315789473684,0.91578947368421,nan,nan,nan,nan,nan,nan,nan,nan,nan,nan,nan,nan,nan,nan,nan,nan,nan,nan,nan,nan,nan,nan,nan,nan,nan,nan
55281,Sweden,SWE,Sweden,SWE,1236206.323,7204196.336,375701.8071,27.12749369,6.487596122,7.138675427,277.7642092,0.001972397,0,1,0,0.0,51.98266884,0.0,nan,nan,nan,nan,nan,nan,0.0434782608695652,0.930434782608696,nan,nan,nan,nan,nan,nan,nan,nan,nan,nan,nan,nan,nan,nan,nan,nan,nan,nan,nan,nan,nan,nan,nan,nan,nan,nan
55282,Finland,FIN,Finland,FIN,1296509.07,7204196.336,376246.1869,27.46227509,6.707503358,7.138675427,277.7802171,0.001964066,0,1,0,0.0,1210.223401,0.0,nan,nan,nan,nan,nan,nan,0.0384615384615385,0.930769230769231,nan,nan,nan,nan,nan,nan,nan,nan,nan,nan,nan,nan,nan,nan,nan,nan,nan,nan,nan,nan,1.38007911046346,1.97886409362157,0.762792082425828,0.0689003164079941,0.0100273016700095,0.0275291844578091
55283,Finland,FIN,Finland,FIN,1356811.818,7204196.336,375812.801,27.41941485,9.437848758,6.896320244,277.7706982,0.001942272,0,1,0,0.0,1116.833422,0.0,nan,nan,nan,nan,nan,nan,0.0384615384615385,0.930769230769231,nan,nan,nan,nan,nan,nan,nan,nan,nan,nan,nan,nan,nan,nan,nan,nan,nan,nan,nan,nan,1.38423216342926,1.93350397852751,0.268761733761774,0.067184914260057,0.0116385053502224,0.0576382450264816
55597,Iceland,ISL,Iceland,ISL,-1384972.809,7295294.344,5.212218238,17.90520973,410.2371508,7.168001817,279.01099,0.003350394,0,1,0,0.0,105.4697862,0.0,nan,nan,nan,nan,nan,nan,0.0714285714285714,0.9,nan,nan,nan,nan,nan,nan,nan,nan,nan,nan,nan,nan,nan,nan,nan,nan,nan,nan,nan,nan,nan,nan,nan,nan,nan,nan
55598,Iceland,ISL,Iceland,ISL,-1326037.796,7295294.344,158.3646739,17.34033981,440.5710417,8.174925513,278.5335672,0.003330741,0,1,0,0.0,995.9597068,0.0,nan,nan,nan,nan,nan,nan,0.0625,0.9,nan,nan,nan,nan,nan,nan,nan,nan,nan,nan,nan,nan,nan,nan,nan,nan,nan,nan,nan,nan,1.32185210122003,0.277595104442702,0.161016878982385,0.0297327576127226,0.0811413007826066,-0.0339428125960734
55599,Iceland,ISL,Iceland,ISL,-1267102.783,7295294.344,40.26173384,15.08740175,444.0402653,7.851403634,277.2184728,0.003207149,0,1,0,0.0,40.77413466,0.0,nan,nan,nan,nan,nan,nan,0.0625,0.9,nan,nan,nan,nan,nan,nan,nan,nan,nan,nan,nan,nan,nan,nan,nan,nan,nan,nan,nan,nan,nan,nan,nan,nan,nan,nan
55605,Iceland,ISL,Iceland,ISL,-913492.7041,7295294.344,41.39127502,18.43875824,281.4116933,8.471097297,274.4391185,0.004695969,0,1,0,0.0,273.8385747,0.0,nan,nan,nan,nan,nan,nan,0.0588235294117647,0.905882352941176,nan,nan,nan,nan,nan,nan,nan,nan,nan,nan,nan,nan,nan,nan,nan,nan,nan,nan,nan,nan,1.6798774600029,0.188029408454895,0.110886558890343,0.0469907287304187,-0.0273128168822524,-0.0309517525921169
55606,Iceland,ISL,Iceland,ISL,-854557.6909,7295294.344,94.17239311,18.79617418,247.2253707,8.004691899,276.1661275,0.004274241,0,1,0,0.0,730.3786741,0.0,nan,nan,nan,nan,nan,nan,0.0625,0.9,nan,nan,nan,nan,nan,nan,nan,nan,nan,nan,nan,nan,nan,nan,nan,nan,nan,nan,nan,nan,1.29023804664612,0.117831021547318,0.181962662935257,0.0205137840213997,-0.0085870921691217,-0.0895691805373999
55641,Sweden,SWE,Sweden,SWE,1208167.77,7295294.344,375333.2614,22.6385153,8.688390225,7.038878992,275.8873066,0.001943307,0,1,0,0.0,1.927046017,0.0,nan,nan,nan,nan,nan,nan,0.05,0.92,nan,nan,nan,nan,nan,nan,nan,nan,nan,nan,nan,nan,nan,nan,nan,nan,nan,nan,nan,nan,nan,nan,nan,nan,nan,nan
55642,Sweden,SWE,Sweden,SWE,1267102.783,7295294.344,375492.1171,27.13554633,9.157230654,6.619266633,276.9230546,0.001880987,0,1,0,0.0,155.5094855,0.0,nan,nan,nan,nan,nan,nan,0.05,0.92,nan,nan,nan,nan,nan,nan,nan,nan,nan,nan,nan,nan,nan,nan,nan,nan,nan,nan,nan,nan,1.50909570852915,0.788741528987885,0.015947188444746,0.0492972327968414,0.0044291627445314,-0.0941543367046377
55645,Finland,FIN,Finland,FIN,1443907.823,7295294.344,375377.8649,28.24214962,11.67034193,6.199654274,276.7377392,0.001868114,0,1,0,0.0,147.3108211,0.0,nan,nan,nan,nan,nan,nan,0.0344827586206897,0.937931034482759,nan,nan,nan,nan,nan,nan,nan,nan,nan,nan,nan,nan,nan,nan,nan,nan,nan,nan,nan,nan,nan,nan,nan,nan,nan,nan
55646,Finland,FIN,Finland,FIN,1502842.836,7295294.344,375328.9309,20.45696657,12.9646971,5.502988303,276.3947115,0.001965349,0,1,0,0.0,101.0156146,0.0,nan,nan,nan,nan,nan,nan,0.0344827586206897,0.937931034482759,nan,nan,nan,nan,nan,nan,nan,nan,nan,nan,nan,nan,nan,nan,nan,nan,nan,nan,nan,nan,1.31491553783417,2.33414125442505,0.523641169071198,0.0497406189518277,0.0071258414845583,0.12354069151946
55957,Iceland,ISL,Iceland,ISL,-1352091.036,7385204.096,70.78447077,17.41557311,413.13905,6.341018091,277.2781708,0.003112461,0,1,0,0.0,98.56766662,0.0,nan,nan,nan,nan,nan,nan,0.0769230769230769,0.892307692307692,nan,nan,nan,nan,nan,nan,nan,nan,nan,nan,nan,nan,nan,nan,nan,nan,nan,nan,nan,nan,1.37618803977966,0.148225635290146,0.207578435540199,0.0140938552090739,-0.0099607339250936,-0.0581355752187044
55959,Iceland,ISL,Iceland,ISL,-1237019.458,7385204.096,74.73524898,17.17285217,312.1993942,6.504670819,276.4622599,0.002937015,0,1,0,0.0,179.7517645,0.0,nan,nan,nan,nan,nan,nan,0.0769230769230769,0.892307692307692,nan,nan,nan,nan,nan,nan,nan,nan,nan,nan,nan,nan,nan,nan,nan,nan,nan,nan,nan,nan,0.975135207176208,0.344586273034414,0.702282389005025,0.0274379827826931,0.0447272105391985,-0.0692831913437209
55962,Iceland,ISL,Iceland,ISL,-1064412.092,7385204.096,5.042048673,17.84405436,148.2139425,8.954281648,273.6890422,0.003100388,0,1,0,0.0,159.2694224,0.0,nan,nan,nan,nan,nan,nan,0.0769230769230769,0.892307692307692,nan,nan,nan,nan,nan,nan,nan,nan,nan,nan,nan,nan,nan,nan,nan,nan,nan,nan,nan,nan,1.33797097206116,0.59521484375,0.276414595544338,0.0295894336554813,0.0385328230550033,0.0762793959268163
55967,Iceland,ISL,Iceland,ISL,-776733.1481,7385204.096,4.744980106,19.05253896,159.5077945,6.497307728,276.8025347,0.003469282,0,1,0,0.0,33.36834377,0.0,nan,nan,nan,nan,nan,nan,0.0714285714285714,0.885714285714286,nan,nan,nan,nan,nan,nan,nan,nan,nan,nan,nan,nan,nan,nan,nan,nan,nan,nan,nan,nan,nan,nan,nan,nan,nan,nan
56002,Sweden,SWE,Sweden,SWE,1237019.458,7385204.096,375497.4966,24.64428787,10.66525802,6.099857839,275.9240049,0.001857481,0,1,0,0.0,104.1301721,0.0,nan,nan,nan,nan,nan,nan,0.0416666666666667,0.933333333333333,nan,nan,nan,nan,nan,nan,nan,nan,nan,nan,nan,nan,nan,nan,nan,nan,nan,nan,nan,nan,nan,nan,nan,nan,nan,nan
56003,Sweden,SWE,Sweden,SWE,1294555.247,7385204.096,375700.7693,27.82617695,10.84236825,6.099857839,276.3861465,0.001807653,0,1,0,0.0,52.27663002,0.0,nan,nan,nan,nan,nan,nan,0.0476190476190476,0.923809523809524,nan,nan,nan,nan,nan,nan,nan,nan,nan,nan,nan,nan,nan,nan,nan,nan,nan,nan,nan,nan,1.12100517749786,0.243074521422386,0.0292290672659874,0.0196163307984527,-0.0048248582001784,-0.0961167465068158
56004,Sweden,SWE,Sweden,SWE,1352091.036,7385204.096,375620.5559,29.10357558,11.41259319,5.502988303,276.2814229,0.001810262,0,1,0,0.0,23.82491264,0.0,nan,nan,nan,nan,nan,nan,0.0476190476190476,0.923809523809524,nan,nan,nan,nan,nan,nan,nan,nan,nan,nan,nan,nan,nan,nan,nan,nan,nan,nan,nan,nan,nan,nan,nan,nan,nan,nan
56005,Finland,FIN,Finland,FIN,1409626.824,7385204.096,375665.3819,28.56456849,12.14506701,5.502988303,275.9853897,0.001901426,0,1,0,0.0,44.89079107,0.0,nan,nan,nan,nan,nan,nan,0.0344827586206897,0.937931034482759,nan,nan,nan,nan,nan,nan,nan,nan,nan,nan,nan,nan,nan,nan,nan,nan,nan,nan,nan,nan,1.33224999904633,0.595188736915588,0.0022748094052076,0.0444611144317711,0.0235242124741995,-0.232689125070028
56006,Finland,FIN,Finland,FIN,1467162.613,7385204.096,375458.4966,25.30662843,12.95755063,5.502988303,275.492691,0.002045918,0,1,0,0.0,63.6127599,0.0,nan,nan,nan,nan,nan,nan,0.0344827586206897,0.937931034482759,nan,nan,nan,nan,nan,nan,nan,nan,nan,nan,nan,nan,nan,nan,nan,nan,nan,nan,nan,nan,1.32586193084717,1.2115113735199,0.0073788766749203,0.0467163751364246,0.0197731827642182,-0.287087127066752
52394,Sweden,SWE,Sweden,SWE,947835.6446,6436429.21,375318.3111,25.27853966,11.65368856,10.02198817,282.6903903,0.002148986,0,0,1,0.0,0.0,nan,nan,nan,nan,nan,nan,nan,nan,nan,0.0681818181818182,0.954545454545455,nan,nan,nan,nan,nan,nan,nan,nan,nan,nan,nan,nan,nan,nan,nan,nan,nan,nan,nan,nan,nan,nan,nan,nan
53120,Sweden,SWE,Sweden,SWE,1323972.218,6634462.417,625.8571184,25.03171513,5.43367557,9.364598831,282.3314082,0.001922193,0,0,1,0.0,0.0,nan,nan,nan,nan,nan,nan,nan,nan,nan,0.114285714285714,0.937142857142857,nan,nan,nan,nan,nan,nan,nan,nan,nan,nan,nan,nan,nan,nan,nan,nan,nan,nan,nan,nan,nan,nan,nan,nan
53468,Norway,NOR,Norway,NOR,500248.5006,6732024.338,375529.5964,21.82505001,29.85541716,10.82488469,280.3129545,0.004669112,0,0,1,0.0,0.0,255.192728172498,nan,nan,nan,nan,nan,nan,nan,nan,0.0806451612903226,0.937704918032787,nan,nan,nan,nan,nan,nan,1.29193838437398,1.00268913308779,0.300959477821986,-0.014163599839034,0.0031503582838529,0.0812406857722484,nan,nan,nan,nan,nan,nan,nan,nan,nan,nan,nan,nan
53469,Norway,NOR,Norway,NOR,566948.3006,6732024.338,375586.9467,23.80407232,41.39766976,10.82488469,280.962966,0.004301615,0,0,1,0.0,0.0,443.229955712548,nan,nan,nan,nan,nan,nan,nan,nan,0.0701754385964912,0.946428571428571,nan,nan,nan,nan,nan,nan,1.21266144514084,1.27857658267021,0.287553060799837,-0.0037621083764067,-9.09708304869536e-06,0.0393641947255054,nan,nan,nan,nan,nan,nan,nan,nan,nan,nan,nan,nan
53470,Norway,NOR,Norway,NOR,633648.1007,6732024.338,375595.3212,24.5327863,46.54450276,10.63680029,282.4482179,0.00384237,0,0,1,0.0,0.0,532.180352591284,nan,nan,nan,nan,nan,nan,nan,nan,0.0727272727272727,0.944444444444444,nan,nan,nan,nan,nan,nan,1.08361442089081,0.802924697101116,0.342826917767525,0.0014958445387548,-0.0073116813842911,0.0626536615152333,nan,nan,nan,nan,nan,nan,nan,nan,nan,nan,nan,nan
53471,Sweden,SWE,Sweden,SWE,700347.9008,6732024.338,375389.1288,24.56351177,48.51371552,10.44871589,282.7156278,0.003312377,0,0,1,0.0,0.0,18.0982474563819,nan,nan,nan,nan,nan,nan,nan,nan,0.0689655172413793,0.947368421052632,nan,nan,nan,nan,nan,nan,nan,nan,nan,nan,nan,nan,nan,nan,nan,nan,nan,nan,nan,nan,nan,nan,nan,nan
53480,Sweden,SWE,Sweden,SWE,1300646.101,6732024.338,0.306901874,25.16480573,6.838228489,8.624843693,281.8450467,0.001945517,0,0,1,0.0,0.0,nan,nan,nan,nan,nan,nan,nan,nan,nan,0.103448275862069,0.931034482758621,nan,nan,nan,nan,nan,nan,nan,nan,nan,nan,nan,nan,nan,nan,nan,nan,nan,nan,nan,nan,nan,nan,nan,nan
53482,Estonia,EST,Estonia,EST,1434045.702,6732024.338,797.0443205,24.94772865,7.755780369,8.923609644,281.9660428,0.002323084,0,0,1,0.0,0.0,nan,nan,nan,nan,nan,nan,nan,nan,nan,0.113636363636364,0.940909090909091,nan,nan,nan,nan,nan,nan,nan,nan,nan,nan,nan,nan,nan,nan,nan,nan,nan,nan,nan,nan,nan,nan,nan,nan
53484,Estonia,EST,Estonia,EST,1567445.302,6732024.338,376236.4465,25.12854794,14.64660866,8.742985706,281.4928989,0.00222693,0,0,1,0.0,0.0,nan,nan,nan,nan,nan,nan,nan,nan,nan,0.0909090909090909,0.945454545454545,nan,nan,nan,nan,nan,nan,nan,nan,nan,nan,nan,nan,nan,nan,nan,nan,nan,nan,nan,nan,nan,nan,nan,nan
53830,Norway,NOR,Norway,NOR,622028.904,6828581.487,375362.8231,21.94077676,47.68210617,8.5158720148,278.8679177,0.003687005,0,0,1,0.0,0.0,33.1210130213333,nan,nan,nan,nan,nan,nan,nan,nan,0.0784313725490196,0.94,nan,nan,nan,nan,nan,nan,nan,nan,nan,nan,nan,nan,nan,nan,nan,nan,nan,nan,nan,nan,nan,nan,nan,nan
53831,Norway,NOR,Norway,NOR,687505.6308,6828581.487,10134169.03,23.05230384,52.7229841,9.6241067516,280.4445606,0.003511774,0,0,1,0.0,0.0,1770.73198770802,nan,nan,nan,nan,nan,nan,nan,nan,0.0727272727272727,0.944444444444444,nan,nan,nan,nan,nan,nan,0.997933491416599,2.25669816265935,0.31720035361207,0.0144082134023821,-0.00644609780052,0.0537325369167598,nan,nan,nan,nan,nan,nan,nan,nan,nan,nan,nan,nan
53832,Norway,NOR,Norway,NOR,752982.3575,6828581.487,375431.2552,21.94627675,52.34634527,10.0394949322,280.4194143,0.003047737,0,0,1,0.0,0.0,220.774473234995,nan,nan,nan,nan,nan,nan,nan,nan,0.0980392156862745,0.937254901960784,nan,nan,nan,nan,nan,nan,1.13457542657852,3.06796729564667,0.287785038352013,0.0160779191547275,-0.0043846763895867,0.0685263895566732,nan,nan,nan,nan,nan,nan,nan,nan,nan,nan,nan,nan
53841,Finland,FIN,Finland,FIN,1342272.898,6828581.487,699.4002368,25.05531316,6.502018918,8.326359063,281.2643168,0.002147857,0,0,1,0.0,0.0,nan,nan,nan,nan,nan,nan,nan,nan,nan,0.125,0.935,nan,nan,nan,nan,nan,nan,nan,nan,nan,nan,nan,nan,nan,nan,nan,nan,nan,nan,nan,nan,nan,nan,nan,nan
53842,Finland,FIN,Finland,FIN,1407749.625,6828581.487,1101.755429,24.89608725,8.553404068,8.326359063,281.2747824,0.002276902,0,0,1,0.0,0.0,nan,nan,nan,nan,nan,nan,nan,nan,nan,0.116279069767442,0.93953488372093,nan,nan,nan,nan,nan,nan,nan,nan,nan,nan,nan,nan,nan,nan,nan,nan,nan,nan,nan,nan,nan,nan,nan,nan
53843,Finland,FIN,Finland,FIN,1473226.352,6828581.487,376687.3041,24.88009097,11.7220239,8.366229718,281.0702508,0.002275069,0,0,1,0.0,0.0,nan,nan,nan,nan,nan,nan,nan,nan,nan,0.106382978723404,0.940425531914894,nan,nan,nan,nan,nan,nan,nan,nan,nan,nan,nan,nan,nan,nan,nan,nan,nan,nan,nan,nan,nan,nan,nan,nan
53845,Estonia,EST,Estonia,EST,1604179.805,6828581.487,375587.3989,23.58527418,17.41309948,8.406100372,280.413927,0.002351725,0,0,1,0.0,0.0,nan,nan,nan,nan,nan,nan,nan,nan,nan,0.0909090909090909,0.945454545454545,nan,nan,nan,nan,nan,nan,nan,nan,nan,nan,nan,nan,nan,nan,nan,nan,nan,nan,nan,nan,nan,nan,nan,nan
53846,Estonia,EST,Estonia,EST,1669656.532,6828581.487,375352.4564,24.92888965,22.02401012,8.21295659,280.1680456,0.002252351,0,0,1,0.0,0.0,nan,nan,nan,nan,nan,nan,nan,nan,nan,0.0952380952380952,0.942857142857143,nan,nan,nan,nan,nan,nan,nan,nan,nan,nan,nan,nan,nan,nan,nan,nan,nan,nan,nan,nan,nan,nan,nan,nan
54138,Greenland,GRL,Denmark,DNK,-2729612.691,6924106.412,87.82845539,17.3585969,292.7468512,5.724531631,274.9358139,0.007750476,0,0,1,0.0,0.0,nan,nan,nan,nan,nan,nan,nan,nan,nan,nan,nan,nan,nan,nan,nan,nan,nan,nan,nan,nan,nan,nan,nan,nan,nan,nan,nan,nan,nan,nan,nan,nan,nan,nan,nan
54186,Norway,NOR,Norway,NOR,353243.9953,6924106.412,375949.2588,19.00768899,157.5728743,10.44726523,280.3283811,0.006664085,0,0,1,0.0,0.0,81.5225010843973,nan,nan,nan,nan,nan,nan,nan,nan,0.0952380952380952,0.926984126984127,nan,nan,nan,nan,nan,nan,nan,nan,nan,nan,nan,nan,nan,nan,nan,nan,nan,nan,nan,nan,nan,nan,nan,nan
54906,Norway,NOR,Norway,NOR,339019.734,7111944.237,375494.4954,19.81542159,204.6847585,10.0227437,281.1343432,0.004599646,0,0,1,0.0,0.0,nan,nan,nan,nan,nan,nan,nan,nan,nan,0.105263157894737,0.926315789473684,nan,nan,nan,nan,nan,nan,nan,nan,nan,nan,nan,nan,nan,nan,nan,nan,nan,nan,nan,nan,nan,nan,nan,nan
54907,Norway,NOR,Norway,NOR,400659.6856,7111944.237,375736.1447,19.27131079,217.3557674,10.0227437,280.0450244,0.005084903,0,0,1,0.0,0.0,nan,nan,nan,nan,nan,nan,nan,nan,nan,0.113207547169811,0.924528301886792,nan,nan,nan,nan,nan,nan,nan,nan,nan,nan,nan,nan,nan,nan,nan,nan,nan,nan,nan,nan,nan,nan,nan,nan
55208,Greenland,GRL,Denmark,DNK,-3165894.241,7204196.336,5.147645583,19.30974028,406.9155384,4.193569819,273.9822857,0.001727137,0,0,1,0.0,0.0,nan,nan,nan,nan,nan,nan,nan,nan,nan,nan,nan,nan,nan,nan,nan,nan,nan,nan,nan,nan,nan,nan,nan,nan,nan,nan,nan,nan,nan,nan,nan,nan,nan,nan,nan
55220,Greenland,GRL,Denmark,DNK,-2442261.272,7204196.336,178.0747781,17.57660923,319.5748345,5.648982545,273.5813432,0.00818103,0,0,1,0.0,0.0,nan,nan,nan,nan,nan,nan,nan,nan,nan,nan,nan,nan,nan,nan,nan,nan,nan,nan,nan,nan,nan,nan,nan,nan,nan,nan,nan,nan,nan,nan,nan,nan,nan,nan,nan
55238,Iceland,ISL,Iceland,ISL,-1356811.818,7204196.336,2.624292835,18.27739164,354.3523077,9.01005286,279.8846283,0.003936258,0,0,1,0.0,0.0,nan,nan,nan,nan,nan,nan,nan,nan,nan,0.1,0.915,nan,nan,nan,nan,nan,nan,nan,nan,nan,nan,nan,nan,nan,nan,nan,nan,nan,nan,nan,nan,nan,nan,nan,nan
55270,Norway,NOR,Norway,NOR,572876.1008,7204196.336,375846.2309,19.48928407,266.9327104,9.68881623,279.3222482,0.004210215,0,0,1,0.0,0.0,29.4809042687388,nan,nan,nan,nan,nan,nan,nan,nan,0.0925925925925926,0.933333333333333,nan,nan,nan,nan,nan,nan,nan,nan,nan,nan,nan,nan,nan,nan,nan,nan,nan,nan,nan,nan,nan,nan,nan,nan
55958,Iceland,ISL,Iceland,ISL,-1294555.247,7385204.096,978.9178408,17.26441463,483.5415276,6.504670819,276.7971517,0.003186759,0,0,1,0.0,0.0,nan,nan,nan,nan,nan,nan,nan,nan,nan,0.102564102564103,0.912820512820513,nan,nan,nan,nan,nan,nan,nan,nan,nan,nan,nan,nan,nan,nan,nan,nan,nan,nan,nan,nan,nan,nan,nan,nan
55966,Iceland,ISL,Iceland,ISL,-834268.9368,7385204.096,16.02402941,17.94470779,163.8967982,7.109841545,275.5820179,0.003493117,0,0,1,0.0,0.0,nan,nan,nan,nan,nan,nan,nan,nan,nan,0.1,0.92,nan,nan,nan,nan,nan,nan,nan,nan,nan,nan,nan,nan,nan,nan,nan,nan,nan,nan,nan,nan,nan,nan,nan,nan
55992,Norway,NOR,Norway,NOR,661661.5706,7385204.096,376552.2919,20.51662985,275.3194462,9.411013365,279.7870127,0.004077765,0,0,1,0.0,0.0,nan,nan,nan,nan,nan,nan,nan,nan,nan,0.108695652173913,0.921739130434783,nan,nan,nan,nan,nan,nan,nan,nan,nan,nan,nan,nan,nan,nan,nan,nan,nan,nan,nan,nan,nan,nan,nan,nan
55993,Norway,NOR,Norway,NOR,719197.3593,7385204.096,376803.175,18.19718315,288.9645272,8.291662751,277.5743904,0.005159441,0,0,1,0.0,0.0,nan,nan,nan,nan,nan,nan,nan,nan,nan,0.1,0.928,nan,nan,nan,nan,nan,nan,nan,nan,nan,nan,nan,nan,nan,nan,nan,nan,nan,nan,nan,nan,nan,nan,nan,nan
56317,Iceland,ISL,Iceland,ISL,-1318444.332,7473889.607,0.264060448,18.44321432,207.9534418,5.038108227,276.7530365,0.003110233,0,0,1,0.0,0.0,nan,nan,nan,nan,nan,nan,nan,nan,nan,0.111111111111111,0.911111111111111,nan,nan,nan,nan,nan,nan,nan,nan,nan,nan,nan,nan,nan,nan,nan,nan,nan,nan,nan,nan,nan,nan,nan,nan
56324,Iceland,ISL,Iceland,ISL,-925716.2332,7473889.607,10.04653966,19.7349504,143.3857381,5.625338937,276.8284723,0.002573307,0,0,1,0.0,0.0,nan,nan,nan,nan,nan,nan,nan,nan,nan,0.105263157894737,0.921052631578947,nan,nan,nan,nan,nan,nan,nan,nan,nan,nan,nan,nan,nan,nan,nan,nan,nan,nan,nan,nan,nan,nan,nan,nan
56353,Norway,NOR,Norway,NOR,701300.1767,7473889.607,377389.8936,20.87194123,272.8929621,8.402194659,278.9480827,0.004381715,0,0,1,0.0,0.0,nan,nan,nan,nan,nan,nan,nan,nan,nan,0.113636363636364,0.918181818181818,nan,nan,nan,nan,nan,nan,nan,nan,nan,nan,nan,nan,nan,nan,nan,nan,nan,nan,nan,nan,nan,nan,nan,nan
56354,Norway,NOR,Norway,NOR,757404.1908,7473889.607,375891.8752,18.242107,281.1792,8.402194659,276.3846112,0.005383664,0,0,1,0.0,0.0,0.57269709349933,nan,nan,nan,nan,nan,nan,nan,nan,0.108695652173913,0.921739130434783,nan,nan,nan,nan,nan,nan,nan,nan,nan,nan,nan,nan,nan,nan,nan,nan,nan,nan,nan,nan,nan,nan,nan,nan
56713,Norway,NOR,Norway,NOR,682981.4355,7561312.847,131.8376943,21.9357092,258.3476318,8.511042754,279.4634022,0.003029684,0,0,1,0.0,0.0,nan,nan,nan,nan,nan,nan,nan,nan,nan,0.113636363636364,0.918181818181818,nan,nan,nan,nan,nan,nan,nan,nan,nan,nan,nan,nan,nan,nan,nan,nan,nan,nan,nan,nan,nan,nan,nan,nan
56715,Norway,NOR,Norway,NOR,792258.4651,7561312.847,376264.1373,20.37384697,285.80683,8.402194659,277.7605435,0.004388457,0,0,1,0.0,0.0,29.9376725608836,nan,nan,nan,nan,nan,nan,nan,nan,0.108695652173913,0.921739130434783,nan,nan,nan,nan,nan,nan,nan,nan,nan,nan,nan,nan,nan,nan,nan,nan,nan,nan,nan,nan,nan,nan,nan,nan
56716,Norway,NOR,Norway,NOR,846896.98,7561312.847,375464.0904,17.8279827,292.1794191,8.402194659,275.5732579,0.004645946,0,0,1,0.0,0.0,83.305097770496,nan,nan,nan,nan,nan,nan,nan,nan,0.108695652173913,0.921739130434783,nan,nan,nan,nan,nan,nan,1.00158715248108,1.14950621128082,0.43584480881691,0.0208952838757488,0.020195479709247,-0.0143559187662835,nan,nan,nan,nan,nan,nan,nan,nan,nan,nan,nan,nan
57074,Norway,NOR,Norway,NOR,717362.7932,7647433.489,230.2663605,21.41915879,233.787967,8.402194659,278.77798,0.003001109,0,0,1,0.0,0.0,3.86115461785819,nan,nan,nan,nan,nan,nan,nan,nan,0.116279069767442,0.916279069767442,nan,nan,nan,nan,nan,nan,nan,nan,nan,nan,nan,nan,nan,nan,nan,nan,nan,nan,nan,nan,nan,nan,nan,nan
57075,Norway,NOR,Norway,NOR,770500.7779,7647433.489,1514.023475,20.59124364,247.2068415,8.402194659,278.2203028,0.003404367,0,0,1,0.0,0.0,0.0441432540611073,nan,nan,nan,nan,nan,nan,nan,nan,0.116279069767442,0.916279069767442,nan,nan,nan,nan,nan,nan,nan,nan,nan,nan,nan,nan,nan,nan,nan,nan,nan,nan,nan,nan,nan,nan,nan,nan
57076,Norway,NOR,Norway,NOR,823638.7626,7647433.489,376941.2084,19.39774157,270.5473374,8.402194659,277.1259766,0.003636281,0,0,1,0.0,0.0,17.1440567706477,nan,nan,nan,nan,nan,nan,nan,nan,0.108695652173913,0.921739130434783,nan,nan,nan,nan,nan,nan,nan,nan,nan,nan,nan,nan,nan,nan,nan,nan,nan,nan,nan,nan,nan,nan,nan,nan
57077,Norway,NOR,Norway,NOR,876776.7473,7647433.489,376566.8412,19.36008282,265.2250521,8.402194659,275.8633746,0.004257679,0,0,1,0.0,0.0,0.0265624280359945,nan,nan,nan,nan,nan,nan,nan,nan,0.111111111111111,0.924444444444445,nan,nan,nan,nan,nan,nan,nan,nan,nan,nan,nan,nan,nan,nan,nan,nan,nan,nan,nan,nan,nan,nan,nan,nan
57078,Norway,NOR,Norway,NOR,929914.732,7647433.489,375382.3311,18.62188647,248.5162725,7.7714147412,274.1083997,0.00436247,0,0,1,0.0,0.0,20.1967877015428,nan,nan,nan,nan,nan,nan,nan,nan,0.116279069767442,0.92093023255814,nan,nan,nan,nan,nan,nan,nan,nan,nan,nan,nan,nan,nan,nan,nan,nan,nan,nan,nan,nan,nan,nan,nan,nan
57436,Norway,NOR,Norway,NOR,799814.9589,7732208.604,60.74817182,21.52496243,224.2250576,7.975686272,278.2107981,0.002894648,0,0,1,0.0,0.0,nan,nan,nan,nan,nan,nan,nan,nan,nan,0.116279069767442,0.916279069767442,nan,nan,nan,nan,nan,nan,nan,nan,nan,nan,nan,nan,nan,nan,nan,nan,nan,nan,nan,nan,nan,nan,nan,nan
57437,Norway,NOR,Norway,NOR,851415.9239,7732208.604,1076.665934,21.72402566,228.223611,7.603219867,277.86834,0.00326178,0,0,1,0.0,0.0,nan,nan,nan,nan,nan,nan,nan,nan,nan,0.119047619047619,0.914285714285714,nan,nan,nan,nan,nan,nan,nan,nan,nan,nan,nan,nan,nan,nan,nan,nan,nan,nan,nan,nan,nan,nan,nan,nan
57438,Norway,NOR,Norway,NOR,903016.889,7732208.604,376357.2518,20.45313333,233.0186036,6.858287056,276.9924715,0.003648736,0,0,1,0.0,0.0,2.30431346583964,nan,nan,nan,nan,nan,nan,nan,nan,0.113636363636364,0.918181818181818,nan,nan,nan,nan,nan,nan,nan,nan,nan,nan,nan,nan,nan,nan,nan,nan,nan,nan,nan,nan,nan,nan,nan,nan
57450,Norway,NOR,Norway,NOR,1522228.47,7732208.604,375347.1985,21.05013327,369.727517,5.971904437,272.9874191,0.001525367,0,0,1,0.0,0.0,nan,nan,nan,nan,nan,nan,nan,nan,nan,0.119047619047619,0.928571428571429,nan,nan,nan,nan,nan,nan,nan,nan,nan,nan,nan,nan,nan,nan,nan,nan,nan,nan,nan,nan,nan,nan,nan,nan
52752,Denmark,DNK,Denmark,DNK,794258.0953,6535922.188,1232.244905,25.15787303,38.519889,10.42681854,283.269749,0.00249681,0,0,1,0.0,0.0,937.581966684265,nan,nan,nan,nan,nan,nan,nan,nan,0.0943396226415094,0.934615384615385,nan,nan,nan,nan,nan,nan,1.12035909891129,0.27723101178805,0.0263836710403363,0.009315270642817,0.0013489058163612,-0.138846843674428,nan,nan,nan,nan,nan,nan,nan,nan,nan,nan,nan,nan
53108,Norway,NOR,Norway,NOR,509220.0839,6634462.417,375426.572,23.2566368,34.07518015,10.82488469,282.9088471,0.00359978,0,0,1,0.0,0.0,12.9335981981277,nan,nan,nan,nan,nan,nan,nan,nan,0.09375,0.926984126984127,nan,nan,nan,nan,nan,nan,nan,nan,nan,nan,nan,nan,nan,nan,nan,nan,nan,nan,nan,nan,nan,nan,nan,nan
53466,Norway,NOR,Norway,NOR,366848.9004,6732024.338,375455.0462,22.19575052,38.09241526,10.6485493,282.3914029,0.004393059,0,0,1,0.0,0.0,166.416654418645,nan,nan,nan,nan,nan,nan,nan,nan,0.0952380952380952,0.926984126984127,nan,nan,nan,nan,nan,nan,1.64275721708934,2.62580959002177,0.64681088924408,-0.0020059689144305,0.0096272851907899,0.0449467261590895,nan,nan,nan,nan,nan,nan,nan,nan,nan,nan,nan,nan
53467,Norway,NOR,Norway,NOR,433548.7005,6732024.338,375428.8055,21.31082486,20.77044343,10.70732776,280.6162954,0.004970709,0,0,1,0.0,0.0,122.972315801912,nan,nan,nan,nan,nan,nan,nan,nan,0.0923076923076923,0.929230769230769,nan,nan,nan,nan,nan,nan,1.3340836763382,1.06904727220535,0.316977888345718,-0.0138843380728837,0.0053753740363569,0.0807195123215624,nan,nan,nan,nan,nan,nan,nan,nan,nan,nan,nan,nan
53826,Norway,NOR,Norway,NOR,360121.9971,6828581.487,376289.4603,20.65438239,96.09711552,10.44726523,281.5681233,0.005838996,0,0,1,0.0,0.0,685.2592036232,nan,nan,nan,nan,nan,nan,nan,nan,0.0983606557377049,0.924590163934426,nan,nan,nan,nan,nan,nan,1.29573931012835,0.934796321604933,0.196376723902566,-0.0007632886798029,0.0113941849856558,0.0748580748189921,nan,nan,nan,nan,nan,nan,nan,nan,nan,nan,nan,nan
53827,Norway,NOR,Norway,NOR,425598.7238,6828581.487,375355.3115,19.35129967,93.21669136,10.44726523,277.4479591,0.005879116,0,0,1,0.0,0.0,54.4827938344552,nan,nan,nan,nan,nan,nan,nan,nan,0.0833333333333333,0.933333333333333,nan,nan,nan,nan,nan,nan,nan,nan,nan,nan,nan,nan,nan,nan,nan,nan,nan,nan,nan,nan,nan,nan,nan,nan
54185,Norway,NOR,Norway,NOR,289017.8143,6924106.412,376128.1436,20.76095341,151.3125729,10.44387867,282.0257407,0.00501427,0,0,1,0.0,0.0,37.8059669918684,nan,nan,nan,nan,nan,nan,nan,nan,0.0983606557377049,0.924590163934426,nan,nan,nan,nan,nan,nan,nan,nan,nan,nan,nan,nan,nan,nan,nan,nan,nan,nan,nan,nan,nan,nan,nan,nan
55271,Norway,NOR,Norway,NOR,633178.8482,7204196.336,375369.4205,18.90755737,285.4443417,9.68881623,278.5800495,0.003554516,0,0,1,0.0,0.0,286.897877133419,nan,nan,nan,nan,nan,nan,nan,nan,0.0909090909090909,0.934545454545455,nan,nan,nan,nan,nan,nan,1.06610754132271,1.23942291736603,0.43069352209568,-0.0089674918984002,0.0256207937761613,0.0039160034145254,nan,nan,nan,nan,nan,nan,nan,nan,nan,nan,nan,nan
55272,Norway,NOR,Norway,NOR,693481.5957,7204196.336,375337.7095,18.71699192,134.58270387,9.68881623,277.44466,0.003689542,0,0,1,0.0,0.0,556.504006972754,nan,nan,nan,nan,nan,nan,nan,nan,0.0943396226415094,0.935849056603774,nan,nan,nan,nan,nan,nan,0.93313593523843,1.3821576663426,0.346697583794594,0.0311475430459063,0.0236795693043641,-0.014848422618913,nan,nan,nan,nan,nan,nan,nan,nan,nan,nan,nan,nan
55630,Norway,NOR,Norway,NOR,559882.6251,7295294.344,375584.4768,21.19779845,255.3149217,9.549914797,280.6232961,0.003218517,0,0,1,0.0,0.0,0.0673404385119211,nan,nan,nan,nan,nan,nan,nan,nan,0.0980392156862745,0.929411764705882,nan,nan,nan,nan,nan,nan,nan,nan,nan,nan,nan,nan,nan,nan,nan,nan,nan,nan,nan,nan,nan,nan,nan,nan
55632,Norway,NOR,Norway,NOR,677752.6514,7295294.344,375990.3795,18.85249819,281.7207391,9.549914797,279.0743798,0.004290034,0,0,1,0.0,0.0,90.4649883498152,nan,nan,nan,nan,nan,nan,nan,nan,0.0961538461538462,0.930769230769231,nan,nan,nan,nan,nan,nan,0.945266604423523,1.34613513946533,0.343921214342117,0.0270709804730842,0.0236044776737535,-0.0130385114173982,nan,nan,nan,nan,nan,nan,nan,nan,nan,nan,nan,nan
57439,Norway,NOR,Norway,NOR,954617.8541,7732208.604,376459.0683,19.13105228,239.9537465,6.858287056,275.4499032,0.003630724,0,0,1,0.0,0.0,20.939928067855,nan,nan,nan,nan,nan,nan,nan,nan,0.119047619047619,0.914285714285714,nan,nan,nan,nan,nan,nan,nan,nan,nan,nan,nan,nan,nan,nan,nan,nan,nan,nan,nan,nan,nan,nan,nan,nan
57440,Norway,NOR,Norway,NOR,1006218.819,7732208.604,375349.712,18.82341113,303.3945411,6.858287056,274.0457887,0.003759869,0,0,1,0.0,0.0,167.514122033233,nan,nan,nan,nan,nan,nan,nan,nan,0.121951219512195,0.917073170731707,nan,nan,nan,nan,nan,nan,0.996979713439941,0.372232764959335,0.642487049102783,0.0261492020010695,-0.0117501145111993,-0.0208267226548152,nan,nan,nan,nan,nan,nan,nan,nan,nan,nan,nan,nan
